financialplannergeorgia.com,financial planner,450,Georgia,Georgia,United States
newhampshirefinancialadvisor.com,financial advisor,250,New Hampshire,New Hampshire,United States
houstonwarehousing.com,warehousing,350,Houston,Texas,United States
blueskysatellite.com,satellite,500,,,
nashvilleproductioncompany.com,production company,150,Nashville,Tennessee,United States
shedsflorida.com,sheds,100,Florida,Florida,United States
mississaugapsychologist.com,psychologist,100,Mississauga,Ontario,Canada
boattoursflorida.com,boat tours,300,Florida,Florida,United States
miamilaserspa.com,laser spa,150,Miami,Florida,United States
centralfloridacfp.com,CFP,499,Central Florida,Florida,United States
nevadacfp.com,CFP,650,Nevada,Nevada,United States
elkhuntscolorado.com,elk hunts,200,Colorado,Colorado,United States
montanawebsitedesign.com,website design,100,Montana,Montana,United States
caissoncapital.com,capital,1299,,,
lasvegascfp.com,CFP,275,Las Vegas,Nevada,United States
myrtlebeachluxuryliving.com,luxury living,250,Myrtle Beach,South Carolina,United States
cincinnatiwindowtint.com,window tint,250,Cincinnati,Ohio,United States
southfloridaboatrepair.com,boat repair,500,South Florida,Florida,United States
oregonasphaltpaving.com,asphalt paving,100,Oregon,Oregon,United States
provoflooring.com,flooring,1000,Provo,Utah,United States
losangelesasphalt.com,asphalt,699,Los Angeles,California,United States
texasescaperooms.com,escape rooms,299,Texas,Texas,United States
socalfinancialadvisors.com,financial advisors,300,Southern California,California,United States
indianaiplaw.com,IP law,500,Indiana,Indiana,United States
utahliquorstore.com,liquor store,650,Utah,Utah,United States
denverweddingmusic.com,wedding music,250,Denver,Colorado,United States
portlandsurrogacy.com,surrogacy,799,Portland,Oregon,United States
tucsontint.com,tint,150,Tucson,Arizona,United States
mentalhealthbrooklyn.com,mental health,100,Brooklyn,New York,United States
sandiegogaragedoor.com,garage door,500,San Diego,California,United States
steelbuildingsillinois.com,steel buildings,200,Illinois,Illinois,United States
connecticutflyfishing.com,fly fishing,100,Connecticut,Connecticut,United States
hvacinarizona.com,HVAC,400,Arizona,Arizona,United States
orlandocounselingcenter.com,counseling center,250,Orlando,Florida,United States
portlandinsuranceagency.com,insurance agency,100,Portland,Oregon,United States
australiamsp.com,MSP,350,Australia,Victoria,Australia
ontarioitservices.com,IT services,200,Ontario,Ontario,Canada
texasboattours.com,boat tours,100,Texas,Texas,United States
corpuschristiinjuryattorney.com,injury attorney,499,Corpus Christi,Texas,United States
dfwhvaccompany.com,HVAC company,225,DFW,Texas,United States
orlandobestimmigrationlawfirm.com,immigration law firm,100,Orlando,Florida,United States
orlandobestimmigrationattorney.com,immigration attorney,100,Orlando,Florida,United States
orlandobestimmigrationlawyer.com,immigration lawyer,100,Orlando,Florida,United States
miamibestimmigrationlawyer.com,immigration lawyer,100,Miami,Florida,United States
miamibestimmigrationlawfirm.com,immigration law firm,100,Miami,Florida,United States
miamibestimmigrationattorney.com,immigration attorney,100,Miami,Florida,United States
westchestercleaning.com,cleaning,100,Westchester,New York,United States
lamanufacturedhomes.com,manufactured homes,200,Los Angeles,California,United States
utwaterproofing.com,waterproofing,125,Utah,Utah,United States
videoproductionsminneapolis.com,video productions,199,Minneapolis,Minnesota,United States
elderlawnashville.com,elder law,750,Nashville,Tennessee,United States
bodysculptingny.com,body sculpting,200,New York,New York,United States
digitalagencytexas.com,digital agency,100,Texas,Texas,United States
watch-buyers.com,watch buyers,500,,,
louisvillehousebuyers.com,house buyers,599,Louisville,Kentucky,United States
medicalspalosangeles.com,medical spa,399,Los Angeles,California,United States
miamiflyingclub.com,flying club,100,Miami,Florida,United States
tulsaconcretecontractors.com,concrete contractors,250,Tulsa,Oklahoma,United States
ashevilleluxuryrealty.com,luxury realty,250,Asheville,North Carolina,United States
stlouisdogtraining.com,dog training,500,St. Louis,Missouri,United States
miamiinsurancelawyers.com,insurance lawyers,399,Miami,Florida,United States
pinnaclerealtor.com,realtor,300,,,
friscofamilylawattorney.com,family law attorney,250,Frisco,Texas,United States
usedcarsmodesto.com,used cars,200,Modesto,California,United States
springbokcasino.net,casino,549,,,
dogtrainingmanhattan.com,dog training,200,Manhattan,New York,United States
estateplanningandprobatelawyer.com,estate planning and probate lawyer,149,,,
losangelessolarpower.com,solar power,100,Los Angeles,California,United States
phoenixhomevaluation.com,home valuation,100,Phoenix,Arizona,United States
thebostonrealty.com,realty,150,Boston,Massachusetts,United States
sanfranciscoendodontics.com,endodontics,233,San Francisco,California,United States
nevadasolarpanel.com,solar panel,233,Nevada,Nevada,United States
kcremodelers.com,remodelers,333,Kansas City,Missouri,United States
lasvegaspetgrooming.com,pet grooming,133,Las Vegas,Nevada,United States
butlerlimousine.com,limousine,211,,,
spokanepressurewash.com,pressure wash,100,Spokane,Washington,United States
lasvegascommercialbroker.com,commercial broker,205,Las Vegas,Nevada,United States
amadorsolar.com,solar,151,,,
probateandestateplanningattorney.com,probate and estate planning attorney,441,,,
cannalys.com,cannalys,1499,,,
arizonapowerwash.com,power wash,180,Arizona,Arizona,United States
houstonbrowlashstudio.com,brow lash studio,100,Houston,Texas,United States
chicagopianoschool.com,piano school,111,Chicago,Illinois,United States
newyorkcitypropertymanager.com,property manager,199,New York City,New York,United States
generalcontractorcalgary.com,general contractor,150,Calgary,Alberta,Canada
caautocredit.com,auto credit,200,California,California,United States
newyorkcremationservices.com,cremation services,200,New York,New York,United States
melbourneweddingdjs.com,wedding DJs,100,Melbourne,Victoria,Australia
michiganhealthcareinsurance.com,health care insurance,250,Michigan,Michigan,United States
scottsdaleappraisers.com,appraisers,150,Scottsdale,Arizona,United States
portlandhomerentals.com,home rentals,300,Portland,Oregon,United States
louisvilledogtrainer.com,dog trainer,100,Louisville,Kentucky,United States
eaglepropertysolutions.com,property solutions,288,,,
houstonaffordabledentist.com,affordable dentist,273,Houston,Texas,United States
oldtowntrees.com,trees,150,,,
tampafloridacharters.com,charters,150,Tampa,Florida,United States
stlouisnewbornphotographer.com,newborn photographer,100,St. Louis,Missouri,United States
marriagecounselinggeorgia.com,marriage counseling,250,Georgia,Georgia,United States
oregonfinancialadvisor.com,financial advisor,150,Oregon,Oregon,United States
calgaryfamilylawfirm.com,family law firm,100,Calgary,Alberta,Canada
photoboothmichigan.com,photobooth,100,Michigan,Michigan,United States
connecticutroofrepair.com,roof repair,300,Connecticut,Connecticut,United States
atlanticbeachrealtor.com,realtor,425,Atlantic Beach,Florida,United States
chicagocomputersupport.com,computer support,300,Chicago,Illinois,United States
tampaflcpa.com,CPA,200,Tampa,Florida,United States
bocaratonkitchenandbath.com,kitchen and bath,399,Boca Raton,Florida,United States
spearfishingshop.com,spear fishing shop,850,,,
financialadvisorraleigh.com,financial advisor,399,Raleigh,North Carolina,United States
seniorcarewestvirginia.com,senior care,100,West Virginia,West Virginia,United States
fishingguidesgeorgia.com,fishing guides,100,Georgia,Georgia,United States
yachtcharterstampa.com,yacht charters,200,Tampa,Florida,United States
customjeweleraustin.com,custom jeweler,150,Austin,Texas,United States
manageditcleveland.com,managed IT,250,Cleveland,Ohio,United States
mentalhealthvermont.com,mental health,400,Vermont,Vermont,United States
losangelesitsecurity.com,IT security,200,Los Angeles,California,United States
plasticsurgeonnashville.com,plastic surgeon,350,Nashville,Tennessee,United States
dallasmanufacturedhomes.com,manufactured homes,200,Dallas,Texas,United States
michiganpolebuildings.com,pole buildings,199,Michigan,Michigan,United States
southfloridamsp.com,MSP,250,South Florida,Florida,United States
coloradoboudoirphotographer.com,boudoir photographer,100,Colorado,Colorado,United States
chilliwackrealestateagent.com,real estate agent,350,Chilliwack,British Columbia,Canada
californiamodularhome.com,modular home,150,California,California,United States
manageditkentucky.com,managed IT,650,Kentucky,Kentucky,United States
flbestimmigrationattorney.com,immigration attorney,100,Florida,Florida,United States
flbestimmigrationlawyer.com,immigration lawyer,100,Florida,Florida,United States
miamiflimmigrationlawfirm.com,immigration law firm,100,Miami,Florida,United States
orlandoflimmigrationlawfirm.com,immigration law firm,100,Orlando,Florida,United States
downtownsandiegocondos.com,condos,250,San Diego,California,United States
ocfinancialadvisors.com,financial advisors,899,Orange County,California,United States
orlandodroneservices.com,drone services,300,Orlando,Florida,United States
houstonlandclearing.com,land clearing,150,Houston,Texas,United States
dfwpressurewashing.com,pressure washing,199,DFW,Texas,United States
louisianadisabilityattorney.com,disability attorney,599,Louisiana,Louisiana,United States
sanfranciscovets.com,vets,299,San Francisco,California,United States
arkansasdivorceattorney.com,divorce attorney,350,Arkansas,Arkansas,United States
portlandinsuranceagents.com,insurance agents,299,Portland,Oregon,United States
ohiosoberliving.com,sober living,499,Ohio,Ohio,United States
austinplumbingservice.com,plumbing service,499,Austin,Texas,United States
lubbockseo.com,SEO,350,Lubbock,Texas,United States
sydneyforklift.com,forklift,599,Sydney,New South Wales,Australia
baltimoremedspa.com,med spa,499,Baltimore,Maryland,United States
texasprivatedetective.com,private detective,399,Texas,Texas,United States
pacriminaldefenselawyer.com,criminal defense lawyer,299,Pennsylvania,Pennsylvania,United States
temeculaweddingphotographer.com,wedding photographer,300,Temecula,California,United States
floridaitsecurity.com,IT security,599,Florida,Florida,United States
texasitsecurity.com,IT security,499,Texas,Texas,United States
homesforsalestl.com,homes for sale,650,St. Louis,Missouri,United States
georgiaslp.com,SLP,650,Georgia,Georgia,United States
bjjlosangeles.com,BJJ,200,Los Angeles,California,United States
fishingchartersmyrtlebeach.com,fishing charters,400,Myrtle Beach,South Carolina,United States
flightschoolgeorgia.com,flight school,100,Georgia,Georgia,United States
flbestimmigrationlawfirm.com,immigration law firm,100,Florida,Florida,United States
oregonmanagedit.com,managed IT,150,Oregon,Oregon,United States
boisehomeremodeling.com,home remodeling,200,Boise,Idaho,United States
browardtutoring.com,tutoring,100,Broward,Florida,United States
manageditvancouver.com,managed IT,235,Vancouver,British Columbia,Canada
commercialrealestateoregon.com,commercial real estate,100,Oregon,Oregon,United States
brooklynsoftwaredevelopment.com,software development,1488,Brooklyn,New York,United States
destinfloridacharters.com,charters,200,Destin,Florida,United States
webhostinghouston.com,web hosting,250,Houston,Texas,United States
estateplanningsanantonio.com,estate planning,100,San Antonio,Texas,United States
njcloudservices.com,cloud services,110,New Jersey,New Jersey,United States
utboatrentals.com,boat rentals,250,Utah,Utah,United States
dentalimplantsnashville.com,dental implants,499,Nashville,Tennessee,United States
garagedoorrepairarizona.com,garage door repair,300,Arizona,Arizona,United States
portlandestateattorney.com,estate attorney,150,Portland,Oregon,United States
customhomebuilderphx.com,custom home builder,199,Phoenix,Arizona,United States
utahdesignstudios.com,design studios,175,Utah,Utah,United States
concretechattanooga.com,concrete,150,Chattanooga,Tennessee,United States
jacksonvilleconcealedcarry.com,concealed carry,100,Jacksonville,Florida,United States
pasadenawebdesigner.com,web designer,100,Pasadena,California,United States
atlantabestchiropractic.com,chiropractic,100,Atlanta,Georgia,United States
northjerseyattorney.com,attorney,300,North Jersey,New Jersey,United States
nybillboards.com,billboards,200,New York,New York,United States
mobilebillboardad.com,mobile billboard ad,200,,,
houstonelderlawfirm.com,elder law firm,250,Houston,Texas,United States
texasslp.com,SLP,300,Texas,Texas,United States
ontariocriminallaw.com,criminal law,400,Ontario,Ontario,Canada
nycentertainmentlawfirm.com,entertainment law firm,250,New York City,New York,United States
airductcleaningtulsa.com,air duct cleaning,250,Tulsa,Oklahoma,United States
arlingtonwealthmanagement.com,wealth management,399,Arlington,Texas,United States
philadelphiacourier.com,courier,100,Philadelphia,Pennsylvania,United States
injurylawyercolumbia.com,injury lawyer,250,Columbia,Maryland,United States
chattanoogacontractors.com,contractors,100,Chattanooga,Tennessee,United States
weldingvirginia.com,welding,150,Virginia,Virginia,United States
santarosapersonalinjurylawyer.com,personal injury lawyer,400,Santa Rosa,Florida,United States
manageditcalgary.com,managed IT,400,Calgary,Alberta,Canada
floridaconcealedhandgun.com,concealed handgun,100,Florida,Florida,United States
orlandobankruptcylawfirm.com,bankruptcy law firm,200,Orlando,Florida,United States
virginiapolebarns.com,pole barns,400,Virginia,Virginia,United States
texasflooringcontractor.com,flooring contractor,399,Texas,Texas,United States
drugrehabontario.com,drug rehab,300,Ontario,Ontario,Canada
sacramentomarriagecounselor.com,marriage counselor,200,Sacramento,California,United States
sacramentomarriagecounseling.com,marriage counseling,399,Sacramento,California,United States
connecticutroofinspection.com,roof inspection,399,Connecticut,Connecticut,United States
chicagobestfurniture.com,furniture,130,Chicago,Illinois,United States
fresnoelderlaw.com,elder law,350,Fresno,California,United States
roofingclarksville.com,roofing,200,Clarksville,Tennessee,United States
newyorkestatebrokers.com,estate brokers,150,New York,New York,United States
dfwdraincleaning.com,drain cleaning,99,DFW,Texas,United States
hillsboroughmovers.com,movers,400,Hillsborough,Florida,United States
roofingservicesdenver.com,roofing services,145,Denver,Colorado,United States
kentuckycounseling.com,counseling,300,Kentucky,Kentucky,United States
ohiocdltraining.com,CDL training,850,Ohio,Ohio,United States
austinmsp.com,MSP,1288,Austin,Texas,United States
manageditdetroit.com,managed IT,200,Detroit,Michigan,United States
financialplannerdfw.com,financial planner,400,DFW,Texas,United States
wyomingcdltraining.com,CDL training,177,Wyoming,Wyoming,United States
massachusettsweddingdjs.com,wedding DJs,300,Massachusetts,Massachusetts,United States
wisconsinsteelbuildings.com,steel buildings,199,Wisconsin,Wisconsin,United States
orangecountyelderlaw.com,elder law,299,Orange County,California,United States
immensive.com,immensive,5995,,,
cadrivingschool.com,driving school,350,California,California,United States
denverhomeorganizer.com,home organizer,150,Denver,Colorado,United States
keywestspearfishing.com,spear fishing,500,Key West,Florida,United States
miamiwebdesigns.com,web designs,300,Miami,Florida,United States
boiseairductcleaning.com,air duct cleaning,150,Boise,Idaho,United States
coloradocommercialpainting.com,commercial painting,400,Colorado,Colorado,United States
manageditorangecounty.com,managed IT,450,Orange County,California,United States
westchestervocalcoach.com,vocal coach,200,Westchester,New York,United States
txhomeappraisal.com,home appraisal,500,Texas,Texas,United States
louisvilleconcealedcarry.com,concealed carry,225,Louisville,Kentucky,United States
fresnodrugrehab.com,drug rehab,200,Fresno,California,United States
pittsburghmalpracticelawyer.com,malpractice lawyer,350,Pittsburgh,Pennsylvania,United States
nexovi.com,nexovi,1999,,,
arlingtonhomeremodeling.com,home remodeling,150,Arlington,Texas,United States
manufacturedhomebroker.com,manufactured home broker,600,,,
calgarymanagedit.com,managed IT,500,Calgary,Alberta,Canada
gaiplaw.com,IP law,750,Georgia,Georgia,United States
voiplouisiana.com,VOIP,150,Louisiana,Louisiana,United States
miamibeachimmigrationlawyer.com,immigration lawyer,250,Miami Beach,Florida,United States
carolinaeldercare.com,elder care,199,Carolina,Carolinas,United States
hypnosissouthflorida.com,hypnosis,200,South Florida,Florida,United States
torontoheadshotphotography.com,headshot photography,199,Toronto,Ontario,Canada
plankwoodflooring.com,wood flooring,200,,,
texaselitehomes.com,elite homes,100,Texas,Texas,United States
autosalesnashville.com,auto sales,300,Nashville,Tennessee,United States
miaminewbornphotographer.com,newborn photographer,400,Miami,Florida,United States
chicagofireprotection.com,fire protection,200,Chicago,Illinois,United States
southfloridacybersecurity.com,cyber security,250,South Florida,Florida,United States
sandiegomanageditservices.com,managed IT services,200,San Diego,California,United States
minnesotashredding.com,shredding,350,Minnesota,Minnesota,United States
injurylawyerbrampton.com,injury lawyer,430,Brampton,Ontario,Canada
montanainteriordesigner.com,interior designer,350,Montana,Montana,United States
theblacklotus.com,black lotus,4802,,,
mitowing.com,towing,150,Michigan,Michigan,United States
massachusettsphotobooth.com,photo booth,250,Massachusetts,Massachusetts,United States
illinoismanagedit.com,managed IT,150,Illinois,Illinois,United States
vegasgeneralcontractor.com,general contractor,100,Las Vegas,Nevada,United States
philadelphiamsp.com,MSP,399,Philadelphia,Pennsylvania,United States
divorcelawyerdfw.com,divorce lawyer,199,DFW,Texas,United States
chulavistaduiattorney.com,DUI attorney,100,Chula Vista,California,United States
floridarhinoplastyspecialist.com,rhinoplasty specialist,250,Florida,Florida,United States
criminallawsouthcarolina.com,criminal law,499,South Carolina,South Carolina,United States
atlantabestchiropractor.com,chiropractor,325,Atlanta,Georgia,United States
marylandcdltraining.com,CDL training,800,Maryland,Maryland,United States
ilfireprotection.com,fire protection,300,Illinois,Illinois,United States
tucsonvideoproductions.com,video productions,399,Tucson,Arizona,United States
marylanddogbite.com,dog bite,200,Maryland,Maryland,United States
realtyhollywood.com,realty,250,Hollywood,California,United States
vocalcoachnewyork.com,vocal coach,300,New York,New York,United States
louisianadigitalagency.com,digital agency,200,Louisiana,Louisiana,United States
windowtintingdfw.com,window tinting,200,DFW,Texas,United States
consultingagencytexas.com,consulting agency,599,Texas,Texas,United States
louisvillemsp.com,MSP,199,Louisville,Kentucky,United States
markhamrealtor.com,realtor,200,Markham,Ontario,Canada
gatefixers.com,gate fixers,100,,,
buymed.co,buy med,200,,,
doghotel.co,dog hotel,500,,,
foundationrepairokc.com,foundation repair,150,Oklahoma City,Oklahoma,United States
estateplanningocala.com,estate planning,125,Ocala,Florida,United States
arizonaluxuryhomerentals.com,luxury home rentals,150,Arizona,Arizona,United States
ontariomicroneedling.com,microneedling,200,Ontario,Ontario,Canada
floridacdltraining.com,CDL training,750,Florida,Florida,United States
utahtaxcpa.com,tax CPA,400,Utah,Utah,United States
oakvilleestateplanning.com,estate planning,125,Oakville,Ontario,Canada
immigrationlawyersatlanta.com,immigration lawyers,100,Atlanta,Georgia,United States
prescottweddingphotographer.com,wedding photographer,125,Prescott,Arizona,United States
swissfinancialadvisers.com,financial advisers,7500,,,Switzerland
coloradowindowreplacement.com,window replacement,300,Colorado,Colorado,United States
windowreplacementcolorado.com,window replacement,100,Colorado,Colorado,United States
ottawacoworking.com,coworking,300,Ottawa,Ontario,Canada
portlanddentrepair.com,dent repair,400,Portland,Oregon,United States
windowtintingcincinnati.com,window tinting,299,Cincinnati,Ohio,United States
clonerobotics.com,robotics,4700,,,
albanyinjurylaw.com,injury law,500,Albany,New York,United States
boudoirphotographymichigan.com,boudoir photography,200,Michigan,Michigan,United States
metrodetroitphotography.com,photography,275,Detroit,Michigan,United States
louisianaweddingphotography.com,wedding photography,175,Louisiana,Louisiana,United States
massachusettsdrivingschool.com,driving school,200,Massachusetts,Massachusetts,United States
tampabayestateattorney.com,estate attorney,150,Tampa Bay,Florida,United States
rehabmetaverse.com,rehab metaverse,995,,,
photoboothsouthflorida.com,photo booth,150,South Florida,Florida,United States
digitalagencydallas.com,digital agency,250,Dallas,Texas,United States
txfingerprinting.com,fingerprinting,100,Texas,Texas,United States
barriedrywall.com,drywall,299,Barrie,Ontario,Canada
racialdiscriminationattorney.com,racial discrimination attorney,200,,,
solarenergytennessee.com,solar energy,800,Tennessee,Tennessee,United States
kentuckysprayfoaminsulation.com,spray foam insulation,250,Kentucky,Kentucky,United States
wisconsinmanagedit.com,managed IT,350,Wisconsin,Wisconsin,United States
columbusmetalrecycling.com,metal recycling,100,Columbus,Ohio,United States
oaklandlandscapedesign.com,landscape design,150,Oakland,California,United States
losangelespreciousmetals.com,precious metals,100,Los Angeles,California,United States
jacksonvillejewelers.com,jewelers,250,Jacksonville,Florida,United States
houstonbridalphotography.com,bridal photography,200,Houston,Texas,United States
phoenixpoolservices.com,pool services,200,Phoenix,Arizona,United States
johnsoncityrealtor.com,realtor,200,Johnson City,Tennessee,United States
idahointeriordesigner.com,interior designer,200,Idaho,Idaho,United States
privateinvestigatorsutah.com,private investigators,250,Utah,Utah,United States
nassaucountychiropractic.com,chiropractic,100,Nassau County,New York,United States
arizonawelding.com,welding,399,Arizona,Arizona,United States
floristhialeah.com,florist,100,Hialeah,Florida,United States
bakersfieldrenovations.com,renovations,100,Bakersfield,California,United States
laselfdefense.com,self defense,200,Los Angeles,California,United States
weddingvenuedenver.com,wedding venue,225,Denver,Colorado,United States
lewisvillemovers.com,movers,499,Lewisville,Texas,United States
interiordesignsatlanta.com,interior designs,100,Atlanta,Georgia,United States
junkremovalfrisco.com,junk removal,100,Frisco,Texas,United States
alaskamentalhealth.com,mental health,650,Alaska,Alaska,United States
solarenergymassachusetts.com,solar energy,450,Massachusetts,Massachusetts,United States
estateattorneyatlanta.com,estate attorney,100,Atlanta,Georgia,United States
nashvillemanagedit.com,managed IT,450,Nashville,Tennessee,United States
seniorcarenorthcarolina.com,senior care,599,North Carolina,North Carolina,United States
coworkingmaine.com,coworking,200,Maine,Maine,United States
marketingagencynewjersey.com,marketing agency,200,New Jersey,New Jersey,United States
arlingtonmsp.com,MSP,325,Arlington,Texas,United States
lawfirmgreensboro.com,law firm,200,Greensboro,North Carolina,United States
newyorkrefinishing.com,refinishing,250,New York,New York,United States
seattledronephotography.com,drone photography,250,Seattle,Washington,United States
legiontech.com,tech,2335,,,
photoboothorangecounty.com,photo booth,150,Orange County,California,United States
realestatelawsouthflorida.com,real estate law,100,South Florida,Florida,United States
injuryattorneysnh.com,injury attorneys,200,New Hampshire,New Hampshire,United States